coffee,pub,shopping,grocery,restaurants,music,benevolence,gas,automotive,tithe,office,barber,furniture,entertainment,bills,external transfers,transportation,tourism,tattoos,dmv,home improvement,,electronics,,hospital bills
picasso,bar louie,wal-mart,shnucks,aramark,synchrony,venmo,quicktrip,,nctucson,office max,barber,ashley home store,youtube,wf efs stdnt ln,cheryl anderson,delta,gateway,iron age,mo dmv,home depot,,gateway electronics,,st lukes
starbucks,narwhal,walgreens,dierbergs,5guys,music go round,,qt,,,office depot,,ikea,fandango,tlf II streets,,uber,cityofstlouis,,,,,digi key,,
prasino,mission taco,gap,target,pieology,,,conoco,,,,,,,fedloanservicing,,limebike,,,,,,,,
kaldi,schlafly,ross,,mcalister,,,shell,,,,,,,stdnt loan,,parking,,,,,,,,
bike stop,,joys collective,,first watch,,,quiktrip,,,,,,,ameren,,bird app,,,,,,,,
blueprint,,tjmaxx,,pf changs,,,chevron,,,,,,,verizon,,divvy,,,,,,,,
rise coffee,,vici,,sugarfire,,,exxonmobil,,,,,,,,,best western,,,,,,,,
,,etsy,,firebirds,,,marathon,,,,,,,,,,,,,,,,,
,,amazon,,gyro grill,,,,,,,,,,,,,,,,,,,,
,,,,pieology,,,,,,,,,,,,,,,,,,,,
,,,,magpie,,,,,,,,,,,,,,,,,,,,
,,,,chili's,,,,,,,,,,,,,,,,,,,,
,,,,subway,,,,,,,,,,,,,,,,,,,,
,,,,panera,,,,,,,,,,,,,,,,,,,,
,,,,u-swirl,,,,,,,,,,,,,,,,,,,,
,,,,companion,,,,,,,,,,,,,,,,,,,,
,,,,sauce on the side,,,,,,,,,,,,,,,,,,,,
,,,,hendricks bbq,,,,,,,,,,,,,,,,,,,,
